fred,f@f.f,sfsdd,sdfsdf
dgdg,r@r.r,werew,erwerwe
dgdg,r@r.r,werew,erwerwe
dgdg,r@r.r,werew,erwerwe
dgdg,r@r.r,werew,erwerwe
dgdg,r@r.r,werew,erwerwe
dgdg,r@r.r,werew,erwerwe
sod off,blig@b.b,sfsdf,dfsdfds
r,r@r.r,,poo
r,r@r.r,,poo
r,r@r.r,,poo
r,r@r.r,,poo
r,r@r.r,,poo
r,r@r.r,,poo
r,r@r.r,,poo
r,r@r.r,,poo
r,r@r.r,,poo
r,r@r.r,,poo
r,r@r.r,,poo
r,r@r.r,,poo
r,r@r.r,,poo
r,r@r.r,,poo
r,r@r.r,,poo
r,r@r.r,,poo
r,r@r.r,,poo
r,r@r.r,,poo
r,r@r.r,,poo
r,r@r.r,,poo
r,r@r.r,,poo
r,r@r.r,,poo
r,r@r.r,,poo
r,r@r.r,,poo
r,r@r.r,,poo
r,r@r.r,,poo
r,r@r.r,,poo
r,r@r.r,,poo
r,r@r.r,,poo
r,r@r.r,,poo
r,r@r.r,,poo
r,r@r.r,,poo
